{"action": {"mean": [-2.809542274917476e-05, 1.8432706383464392e-06, -0.00010871519043575972, 0.823108434677124, -0.04909028112888336, 0.02140183374285698], "std": [0.0003225617401767522, 0.0002939148398581892, 0.00037154354504309595, 40.638031005859375, 0.16801795363426208, 0.591150164604187], "max": [0.0024328231811523438, 0.003959298133850098, 0.0012524724006652832, 359.99932861328125, 1.6677837371826172, 10.982178688049316], "min": [-0.003025531768798828, -0.0031881332397460938, -0.003536432981491089, -359.9996337890625, -1.7529406547546387, -3.9354941844940186]}, "proprio": {"mean": [-0.01685456931591034, -0.006552886217832565, 0.021947074681520462, -2.377833127975464, -0.023481953889131546, 2.402998447418213, 0.8048709034919739], "std": [0.06522893160581589, 0.041989922523498535, 0.07076971977949142, 0.054396532475948334, 0.027715306729078293, 0.03915060684084892, 0.18339218199253082], "max": [0.14527627825737, 0.11185953766107559, 0.21248669922351837, -2.2222347259521484, 0.0698874443769455, 2.5962600708007812, 1.2517672777175903], "min": [-0.21798527240753174, -0.11095879971981049, -0.20040394365787506, -2.5287444591522217, -0.24106059968471527, 2.1313703060150146, -0.9941787123680115]}}